--
-- PostgreSQL database dump
--

-- Dumped from database version 13.4 (Debian 13.4-1.pgdg100+1)
-- Dumped by pg_dump version 13.4 (Debian 13.4-1.pgdg100+1)

SET statement_timeout = 0;
SET lock_timeout = 0;
SET idle_in_transaction_session_timeout = 0;
SET client_encoding = 'UTF8';
SET standard_conforming_strings = on;
SELECT pg_catalog.set_config('search_path', '', false);
SET check_function_bodies = false;
SET xmloption = content;
SET client_min_messages = warning;
SET row_security = off;

SET default_tablespace = '';

SET default_table_access_method = heap;

--
-- Name: api_chain; Type: TABLE; Schema: public; Owner: postgres
--

CREATE TABLE public.api_chain (
    id bigint NOT NULL,
    name character varying(50) NOT NULL,
    debt numeric(50,2) NOT NULL,
    date date NOT NULL,
    type character varying(1) NOT NULL,
    level smallint NOT NULL,
    supplier_id bigint
);


ALTER TABLE public.api_chain OWNER TO postgres;

--
-- Name: api_chain_id_seq; Type: SEQUENCE; Schema: public; Owner: postgres
--

ALTER TABLE public.api_chain ALTER COLUMN id ADD GENERATED BY DEFAULT AS IDENTITY (
    SEQUENCE NAME public.api_chain_id_seq
    START WITH 1
    INCREMENT BY 1
    NO MINVALUE
    NO MAXVALUE
    CACHE 1
);


--
-- Name: api_chain_staff; Type: TABLE; Schema: public; Owner: postgres
--

CREATE TABLE public.api_chain_staff (
    id bigint NOT NULL,
    chain_id bigint NOT NULL,
    user_id integer NOT NULL
);


ALTER TABLE public.api_chain_staff OWNER TO postgres;

--
-- Name: api_chain_staff_id_seq; Type: SEQUENCE; Schema: public; Owner: postgres
--

ALTER TABLE public.api_chain_staff ALTER COLUMN id ADD GENERATED BY DEFAULT AS IDENTITY (
    SEQUENCE NAME public.api_chain_staff_id_seq
    START WITH 1
    INCREMENT BY 1
    NO MINVALUE
    NO MAXVALUE
    CACHE 1
);


--
-- Name: api_contact; Type: TABLE; Schema: public; Owner: postgres
--

CREATE TABLE public.api_contact (
    id bigint NOT NULL,
    email character varying(254) NOT NULL,
    country character varying(20) NOT NULL,
    city character varying(30) NOT NULL,
    street character varying(50) NOT NULL,
    house character varying(10) NOT NULL,
    chain_fk_id bigint NOT NULL
);


ALTER TABLE public.api_contact OWNER TO postgres;

--
-- Name: api_contacts_id_seq; Type: SEQUENCE; Schema: public; Owner: postgres
--

ALTER TABLE public.api_contact ALTER COLUMN id ADD GENERATED BY DEFAULT AS IDENTITY (
    SEQUENCE NAME public.api_contacts_id_seq
    START WITH 1
    INCREMENT BY 1
    NO MINVALUE
    NO MAXVALUE
    CACHE 1
);


--
-- Name: api_product; Type: TABLE; Schema: public; Owner: postgres
--

CREATE TABLE public.api_product (
    id bigint NOT NULL,
    name character varying(25) NOT NULL,
    model character varying(60) NOT NULL,
    date date NOT NULL,
    chain_fk_id bigint NOT NULL
);


ALTER TABLE public.api_product OWNER TO postgres;

--
-- Name: api_product_id_seq; Type: SEQUENCE; Schema: public; Owner: postgres
--

ALTER TABLE public.api_product ALTER COLUMN id ADD GENERATED BY DEFAULT AS IDENTITY (
    SEQUENCE NAME public.api_product_id_seq
    START WITH 1
    INCREMENT BY 1
    NO MINVALUE
    NO MAXVALUE
    CACHE 1
);


--
-- Name: auth_group; Type: TABLE; Schema: public; Owner: postgres
--

CREATE TABLE public.auth_group (
    id integer NOT NULL,
    name character varying(150) NOT NULL
);


ALTER TABLE public.auth_group OWNER TO postgres;

--
-- Name: auth_group_id_seq; Type: SEQUENCE; Schema: public; Owner: postgres
--

ALTER TABLE public.auth_group ALTER COLUMN id ADD GENERATED BY DEFAULT AS IDENTITY (
    SEQUENCE NAME public.auth_group_id_seq
    START WITH 1
    INCREMENT BY 1
    NO MINVALUE
    NO MAXVALUE
    CACHE 1
);


--
-- Name: auth_group_permissions; Type: TABLE; Schema: public; Owner: postgres
--

CREATE TABLE public.auth_group_permissions (
    id bigint NOT NULL,
    group_id integer NOT NULL,
    permission_id integer NOT NULL
);


ALTER TABLE public.auth_group_permissions OWNER TO postgres;

--
-- Name: auth_group_permissions_id_seq; Type: SEQUENCE; Schema: public; Owner: postgres
--

ALTER TABLE public.auth_group_permissions ALTER COLUMN id ADD GENERATED BY DEFAULT AS IDENTITY (
    SEQUENCE NAME public.auth_group_permissions_id_seq
    START WITH 1
    INCREMENT BY 1
    NO MINVALUE
    NO MAXVALUE
    CACHE 1
);


--
-- Name: auth_permission; Type: TABLE; Schema: public; Owner: postgres
--

CREATE TABLE public.auth_permission (
    id integer NOT NULL,
    name character varying(255) NOT NULL,
    content_type_id integer NOT NULL,
    codename character varying(100) NOT NULL
);


ALTER TABLE public.auth_permission OWNER TO postgres;

--
-- Name: auth_permission_id_seq; Type: SEQUENCE; Schema: public; Owner: postgres
--

ALTER TABLE public.auth_permission ALTER COLUMN id ADD GENERATED BY DEFAULT AS IDENTITY (
    SEQUENCE NAME public.auth_permission_id_seq
    START WITH 1
    INCREMENT BY 1
    NO MINVALUE
    NO MAXVALUE
    CACHE 1
);


--
-- Name: auth_user; Type: TABLE; Schema: public; Owner: postgres
--

CREATE TABLE public.auth_user (
    id integer NOT NULL,
    password character varying(128) NOT NULL,
    last_login timestamp with time zone,
    is_superuser boolean NOT NULL,
    username character varying(150) NOT NULL,
    first_name character varying(150) NOT NULL,
    last_name character varying(150) NOT NULL,
    email character varying(254) NOT NULL,
    is_staff boolean NOT NULL,
    is_active boolean NOT NULL,
    date_joined timestamp with time zone NOT NULL
);


ALTER TABLE public.auth_user OWNER TO postgres;

--
-- Name: auth_user_groups; Type: TABLE; Schema: public; Owner: postgres
--

CREATE TABLE public.auth_user_groups (
    id bigint NOT NULL,
    user_id integer NOT NULL,
    group_id integer NOT NULL
);


ALTER TABLE public.auth_user_groups OWNER TO postgres;

--
-- Name: auth_user_groups_id_seq; Type: SEQUENCE; Schema: public; Owner: postgres
--

ALTER TABLE public.auth_user_groups ALTER COLUMN id ADD GENERATED BY DEFAULT AS IDENTITY (
    SEQUENCE NAME public.auth_user_groups_id_seq
    START WITH 1
    INCREMENT BY 1
    NO MINVALUE
    NO MAXVALUE
    CACHE 1
);


--
-- Name: auth_user_id_seq; Type: SEQUENCE; Schema: public; Owner: postgres
--

ALTER TABLE public.auth_user ALTER COLUMN id ADD GENERATED BY DEFAULT AS IDENTITY (
    SEQUENCE NAME public.auth_user_id_seq
    START WITH 1
    INCREMENT BY 1
    NO MINVALUE
    NO MAXVALUE
    CACHE 1
);


--
-- Name: auth_user_user_permissions; Type: TABLE; Schema: public; Owner: postgres
--

CREATE TABLE public.auth_user_user_permissions (
    id bigint NOT NULL,
    user_id integer NOT NULL,
    permission_id integer NOT NULL
);


ALTER TABLE public.auth_user_user_permissions OWNER TO postgres;

--
-- Name: auth_user_user_permissions_id_seq; Type: SEQUENCE; Schema: public; Owner: postgres
--

ALTER TABLE public.auth_user_user_permissions ALTER COLUMN id ADD GENERATED BY DEFAULT AS IDENTITY (
    SEQUENCE NAME public.auth_user_user_permissions_id_seq
    START WITH 1
    INCREMENT BY 1
    NO MINVALUE
    NO MAXVALUE
    CACHE 1
);


--
-- Name: django_admin_log; Type: TABLE; Schema: public; Owner: postgres
--

CREATE TABLE public.django_admin_log (
    id integer NOT NULL,
    action_time timestamp with time zone NOT NULL,
    object_id text,
    object_repr character varying(200) NOT NULL,
    action_flag smallint NOT NULL,
    change_message text NOT NULL,
    content_type_id integer,
    user_id integer NOT NULL,
    CONSTRAINT django_admin_log_action_flag_check CHECK ((action_flag >= 0))
);


ALTER TABLE public.django_admin_log OWNER TO postgres;

--
-- Name: django_admin_log_id_seq; Type: SEQUENCE; Schema: public; Owner: postgres
--

ALTER TABLE public.django_admin_log ALTER COLUMN id ADD GENERATED BY DEFAULT AS IDENTITY (
    SEQUENCE NAME public.django_admin_log_id_seq
    START WITH 1
    INCREMENT BY 1
    NO MINVALUE
    NO MAXVALUE
    CACHE 1
);


--
-- Name: django_content_type; Type: TABLE; Schema: public; Owner: postgres
--

CREATE TABLE public.django_content_type (
    id integer NOT NULL,
    app_label character varying(100) NOT NULL,
    model character varying(100) NOT NULL
);


ALTER TABLE public.django_content_type OWNER TO postgres;

--
-- Name: django_content_type_id_seq; Type: SEQUENCE; Schema: public; Owner: postgres
--

ALTER TABLE public.django_content_type ALTER COLUMN id ADD GENERATED BY DEFAULT AS IDENTITY (
    SEQUENCE NAME public.django_content_type_id_seq
    START WITH 1
    INCREMENT BY 1
    NO MINVALUE
    NO MAXVALUE
    CACHE 1
);


--
-- Name: django_migrations; Type: TABLE; Schema: public; Owner: postgres
--

CREATE TABLE public.django_migrations (
    id bigint NOT NULL,
    app character varying(255) NOT NULL,
    name character varying(255) NOT NULL,
    applied timestamp with time zone NOT NULL
);


ALTER TABLE public.django_migrations OWNER TO postgres;

--
-- Name: django_migrations_id_seq; Type: SEQUENCE; Schema: public; Owner: postgres
--

ALTER TABLE public.django_migrations ALTER COLUMN id ADD GENERATED BY DEFAULT AS IDENTITY (
    SEQUENCE NAME public.django_migrations_id_seq
    START WITH 1
    INCREMENT BY 1
    NO MINVALUE
    NO MAXVALUE
    CACHE 1
);


--
-- Name: django_session; Type: TABLE; Schema: public; Owner: postgres
--

CREATE TABLE public.django_session (
    session_key character varying(40) NOT NULL,
    session_data text NOT NULL,
    expire_date timestamp with time zone NOT NULL
);


ALTER TABLE public.django_session OWNER TO postgres;

--
-- Name: kombu_message; Type: TABLE; Schema: public; Owner: postgres
--

CREATE TABLE public.kombu_message (
    id integer NOT NULL,
    visible boolean,
    "timestamp" timestamp without time zone,
    payload text NOT NULL,
    version smallint NOT NULL,
    queue_id integer
);


ALTER TABLE public.kombu_message OWNER TO postgres;

--
-- Name: kombu_queue; Type: TABLE; Schema: public; Owner: postgres
--

CREATE TABLE public.kombu_queue (
    id integer NOT NULL,
    name character varying(200)
);


ALTER TABLE public.kombu_queue OWNER TO postgres;

--
-- Name: message_id_sequence; Type: SEQUENCE; Schema: public; Owner: postgres
--

CREATE SEQUENCE public.message_id_sequence
    START WITH 1
    INCREMENT BY 1
    NO MINVALUE
    NO MAXVALUE
    CACHE 1;


ALTER TABLE public.message_id_sequence OWNER TO postgres;

--
-- Name: queue_id_sequence; Type: SEQUENCE; Schema: public; Owner: postgres
--

CREATE SEQUENCE public.queue_id_sequence
    START WITH 1
    INCREMENT BY 1
    NO MINVALUE
    NO MAXVALUE
    CACHE 1;


ALTER TABLE public.queue_id_sequence OWNER TO postgres;

--
-- Data for Name: api_chain; Type: TABLE DATA; Schema: public; Owner: postgres
--

COPY public.api_chain (id, name, debt, date, type, level, supplier_id) FROM stdin;
2	Factory1	0.00	2022-11-09	0	0	\N
3	Distributor1	100.00	2022-11-09	1	1	2
5	LargeChain	0.00	2022-11-09	3	2	4
6	Individual1	20.00	2022-11-09	4	2	4
4	Dealership1	400.00	2022-11-09	1	1	2
7	Distributor2	50.00	2022-11-09	1	3	6
\.


--
-- Data for Name: api_chain_staff; Type: TABLE DATA; Schema: public; Owner: postgres
--

COPY public.api_chain_staff (id, chain_id, user_id) FROM stdin;
2	2	1
3	3	1
4	3	2
5	4	3
6	5	1
7	5	4
8	6	3
9	6	4
10	7	5
\.


--
-- Data for Name: api_contact; Type: TABLE DATA; Schema: public; Owner: postgres
--

COPY public.api_contact (id, email, country, city, street, house, chain_fk_id) FROM stdin;
4	factory1.minsk@mail.com	Belarus	Minsk	Street A	12a	2
5	factory1.brest@mail.com	Belarus	Brest	Street B	13	2
6	factory1.grodno@mail.com	Belarus	Grodno	Street C	64	2
7	distributor1.brest@mail.com	Belarus	Brest	Street D	14	3
8	distributor1.vitebsk@mail.com	Belarus	Vitebsk	Street E	45	3
9	dealership1.minsk@mail.com	Belarus	Minsk	Street F	47	4
10	dealership1.grodno@mail.com	Belarus	Grodno	Street G	17	4
11	dealership1.mogilev@mail.com	Belarus	Mogilev	Street I	63	4
12	largechain1@mail.com	Belarus	Minsk	Street J	45	5
13	largechain1@mail.com	Ukraine	Kyis	Street T	12	5
14	largechain1@mail.com	Poland	Warszaw	Street RA	54	5
15	largechain1@mail.com	Germany	Berlin	Street GF	15	5
16	largechain1@mail.com	Russia	Moskow	Street TS	23	5
17	individual1@mail.com	Brest	Minsk	STreet A	12	6
18	test@mail.com	Belarus	Brest	AAA	18	7
19	test2@mail.com	Belarus	Minsk	BBB	72	7
\.


--
-- Data for Name: api_product; Type: TABLE DATA; Schema: public; Owner: postgres
--

COPY public.api_product (id, name, model, date, chain_fk_id) FROM stdin;
1	Factory1.Product1	Model1	2022-11-09	2
2	Factory1.Product2	Model2	2022-11-08	2
3	Factory1.Product3	Model3	2022-11-04	2
4	Factory1.Product4	Model4	2022-11-02	2
5	distributor1.product1	Model 1	2022-11-07	3
6	distributor1.product1	Model 2	2022-11-08	3
7	dealership1.product1	Model 5	2020-11-09	4
8	dealership1.product2	Model 4	2022-10-09	4
9	dealership1.product3	Model 3	2012-11-05	4
10	largechain1.product1	Model1	2002-11-09	5
11	largechain1.product2	Model2	2004-05-09	5
12	largechain1.product3	Model3	2022-11-09	5
13	largechain1.product4	Model4	2022-02-09	5
14	largechain1.product5	Model5	2020-06-09	5
15	largechain1.product6	Model6	2021-11-09	5
16	Product9	Model9	2022-11-09	6
17	distributor2.product1	Model6	2022-11-09	7
18	distributor2.product2	Model2	2022-08-08	7
\.


--
-- Data for Name: auth_group; Type: TABLE DATA; Schema: public; Owner: postgres
--

COPY public.auth_group (id, name) FROM stdin;
\.


--
-- Data for Name: auth_group_permissions; Type: TABLE DATA; Schema: public; Owner: postgres
--

COPY public.auth_group_permissions (id, group_id, permission_id) FROM stdin;
\.


--
-- Data for Name: auth_permission; Type: TABLE DATA; Schema: public; Owner: postgres
--

COPY public.auth_permission (id, name, content_type_id, codename) FROM stdin;
1	Can add log entry	1	add_logentry
2	Can change log entry	1	change_logentry
3	Can delete log entry	1	delete_logentry
4	Can view log entry	1	view_logentry
5	Can add permission	2	add_permission
6	Can change permission	2	change_permission
7	Can delete permission	2	delete_permission
8	Can view permission	2	view_permission
9	Can add group	3	add_group
10	Can change group	3	change_group
11	Can delete group	3	delete_group
12	Can view group	3	view_group
13	Can add user	4	add_user
14	Can change user	4	change_user
15	Can delete user	4	delete_user
16	Can view user	4	view_user
17	Can add content type	5	add_contenttype
18	Can change content type	5	change_contenttype
19	Can delete content type	5	delete_contenttype
20	Can view content type	5	view_contenttype
21	Can add session	6	add_session
22	Can change session	6	change_session
23	Can delete session	6	delete_session
24	Can view session	6	view_session
25	Can add chain	7	add_chain
26	Can change chain	7	change_chain
27	Can delete chain	7	delete_chain
28	Can view chain	7	view_chain
29	Can add contact	8	add_contact
30	Can change contact	8	change_contact
31	Can delete contact	8	delete_contact
32	Can view contact	8	view_contact
33	Can add product	9	add_product
34	Can change product	9	change_product
35	Can delete product	9	delete_product
36	Can view product	9	view_product
\.


--
-- Data for Name: auth_user; Type: TABLE DATA; Schema: public; Owner: postgres
--

COPY public.auth_user (id, password, last_login, is_superuser, username, first_name, last_name, email, is_staff, is_active, date_joined) FROM stdin;
1	pbkdf2_sha256$390000$QhEyhYeLd4xjGywQxnZ4pD$wKmsgjKYf1H2axZnHCQP3vu3ntVxB2bUQ2yMLZ4q/W0=	2022-11-09 06:43:45.244679+00	t	root				t	t	2022-11-09 06:43:28.012957+00
2	pbkdf2_sha256$390000$pDbESC4S5pztS49YiTgiZc$XJHHFdPQcWnJ8ayox/XqsAnytdWgcnp7Iql2JK6kjec=	\N	f	manager2				f	t	2022-11-09 06:56:55.116695+00
3	pbkdf2_sha256$390000$G15TWDy7CBKdzcb8Co7p52$wmYlQQNTcO6KBlELl4i+UFGfgRyKarFydC/RrTGD0sw=	\N	f	manager1				f	t	2022-11-09 07:00:36.971981+00
4	pbkdf2_sha256$390000$xG6TpbBtIQr5wo51Tx7t96$0T6r4zRQrBNRkQwcgjY0FQY7CCWehd1MqZ9vS0n2eL0=	\N	f	manger3				f	t	2022-11-09 07:10:02.806271+00
5	pbkdf2_sha256$390000$A8M55jwxvmatxBYPANoH8j$riP2Y/0WY/W4qrv48SwuB5Wrws7vecLlZKlyYNtusf4=	\N	f	contractor				f	t	2022-11-09 07:20:27.749543+00
\.


--
-- Data for Name: auth_user_groups; Type: TABLE DATA; Schema: public; Owner: postgres
--

COPY public.auth_user_groups (id, user_id, group_id) FROM stdin;
\.


--
-- Data for Name: auth_user_user_permissions; Type: TABLE DATA; Schema: public; Owner: postgres
--

COPY public.auth_user_user_permissions (id, user_id, permission_id) FROM stdin;
\.


--
-- Data for Name: django_admin_log; Type: TABLE DATA; Schema: public; Owner: postgres
--

COPY public.django_admin_log (id, action_time, object_id, object_repr, action_flag, change_message, content_type_id, user_id) FROM stdin;
1	2022-11-09 06:49:39.886836+00	2	Factory1	1	[{"added": {}}]	7	1
2	2022-11-09 06:51:20.603088+00	2	Factory1	2	[{"added": {"name": "contact", "object": "factory1.minsk@mail.com"}}, {"added": {"name": "contact", "object": "factory1.brest@mail.com"}}, {"added": {"name": "contact", "object": "factory1.grodno@mail.com"}}]	7	1
3	2022-11-09 06:52:46.629165+00	2	Factory1	2	[{"added": {"name": "product", "object": "Product1"}}]	7	1
4	2022-11-09 06:53:37.245117+00	2	Factory1	2	[{"added": {"name": "product", "object": "Factory1.Product2"}}, {"added": {"name": "product", "object": "Factory1.Product3"}}, {"added": {"name": "product", "object": "Factory1.Product4"}}, {"changed": {"name": "product", "object": "Factory1.Product1", "fields": ["Name"]}}]	7	1
5	2022-11-09 06:56:55.331701+00	2	manager2	1	[{"added": {}}]	4	1
6	2022-11-09 07:00:02.206635+00	3	Distributor1	1	[{"added": {}}, {"added": {"name": "contact", "object": "distributor1.brest@mail.com"}}, {"added": {"name": "contact", "object": "distributor1.vitebsk@mail.com"}}, {"added": {"name": "product", "object": "distributor1.product1"}}, {"added": {"name": "product", "object": "distributor1.product1"}}]	7	1
7	2022-11-09 07:00:37.201726+00	3	manager1	1	[{"added": {}}]	4	1
8	2022-11-09 07:04:09.192203+00	4	Dealership1	1	[{"added": {}}, {"added": {"name": "contact", "object": "dealership1.minsk@mail.com"}}, {"added": {"name": "contact", "object": "dealership1.grodno@mail.com"}}, {"added": {"name": "contact", "object": "dealership1.mogilev@mail.com"}}, {"added": {"name": "product", "object": "dealership1.product1"}}, {"added": {"name": "product", "object": "dealership1.product2"}}, {"added": {"name": "product", "object": "dealership1.product3"}}]	7	1
9	2022-11-09 07:10:03.044732+00	4	manger3	1	[{"added": {}}]	4	1
10	2022-11-09 07:16:34.276262+00	5	LargeChain	1	[{"added": {}}, {"added": {"name": "contact", "object": "largechain1@mail.com"}}, {"added": {"name": "contact", "object": "largechain1@mail.com"}}, {"added": {"name": "contact", "object": "largechain1@mail.com"}}, {"added": {"name": "contact", "object": "largechain1@mail.com"}}, {"added": {"name": "contact", "object": "largechain1@mail.com"}}, {"added": {"name": "product", "object": "largechain1.product1"}}, {"added": {"name": "product", "object": "largechain1.product2"}}, {"added": {"name": "product", "object": "largechain1.product3"}}, {"added": {"name": "product", "object": "largechain1.product4"}}, {"added": {"name": "product", "object": "largechain1.product5"}}, {"added": {"name": "product", "object": "largechain1.product6"}}]	7	1
11	2022-11-09 07:16:59.835865+00	5	LargeChain	2	[{"changed": {"fields": ["Debt"]}}]	7	1
12	2022-11-09 07:19:05.441876+00	6	Individual1	1	[{"added": {}}, {"added": {"name": "contact", "object": "individual1@mail.com"}}, {"added": {"name": "product", "object": "Product9"}}]	7	1
13	2022-11-09 07:19:25.125382+00	4	Dealership1	2	[{"changed": {"fields": ["Type"]}}]	7	1
14	2022-11-09 07:20:27.989004+00	5	contractor	1	[{"added": {}}]	4	1
15	2022-11-09 07:22:08.462709+00	7	Distributor2	1	[{"added": {}}, {"added": {"name": "contact", "object": "test@mail.com"}}, {"added": {"name": "contact", "object": "test2@mail.com"}}, {"added": {"name": "product", "object": "distributor2.product1"}}, {"added": {"name": "product", "object": "distributor2.product2"}}]	7	1
\.


--
-- Data for Name: django_content_type; Type: TABLE DATA; Schema: public; Owner: postgres
--

COPY public.django_content_type (id, app_label, model) FROM stdin;
1	admin	logentry
2	auth	permission
3	auth	group
4	auth	user
5	contenttypes	contenttype
6	sessions	session
7	api	chain
8	api	contact
9	api	product
\.


--
-- Data for Name: django_migrations; Type: TABLE DATA; Schema: public; Owner: postgres
--

COPY public.django_migrations (id, app, name, applied) FROM stdin;
1	contenttypes	0001_initial	2022-11-04 21:56:22.164382+00
2	auth	0001_initial	2022-11-04 21:56:22.584333+00
3	admin	0001_initial	2022-11-04 21:56:23.172049+00
4	admin	0002_logentry_remove_auto_add	2022-11-04 21:56:23.18823+00
5	admin	0003_logentry_add_action_flag_choices	2022-11-04 21:56:23.20513+00
6	api	0001_initial	2022-11-04 21:56:23.45474+00
7	contenttypes	0002_remove_content_type_name	2022-11-04 21:56:23.49004+00
8	auth	0002_alter_permission_name_max_length	2022-11-04 21:56:23.50669+00
9	auth	0003_alter_user_email_max_length	2022-11-04 21:56:23.521919+00
10	auth	0004_alter_user_username_opts	2022-11-04 21:56:23.537379+00
11	auth	0005_alter_user_last_login_null	2022-11-04 21:56:23.552242+00
12	auth	0006_require_contenttypes_0002	2022-11-04 21:56:23.557398+00
13	auth	0007_alter_validators_add_error_messages	2022-11-04 21:56:23.572751+00
14	auth	0008_alter_user_username_max_length	2022-11-04 21:56:23.614204+00
15	auth	0009_alter_user_last_name_max_length	2022-11-04 21:56:23.629295+00
16	auth	0010_alter_group_name_max_length	2022-11-04 21:56:23.651458+00
17	auth	0011_update_proxy_permissions	2022-11-04 21:56:23.671741+00
18	auth	0012_alter_user_first_name_max_length	2022-11-04 21:56:23.691198+00
19	sessions	0001_initial	2022-11-04 21:56:23.762298+00
20	api	0002_rename_contacts_contact_and_more	2022-11-06 21:12:46.495806+00
21	api	0003_rename_contact_contact_chain_fk	2022-11-06 21:40:20.067861+00
22	api	0004_alter_product_date	2022-11-07 19:25:35.094775+00
23	api	0005_remove_chain_user_chain_staff	2022-11-07 19:25:35.391449+00
24	api	0006_alter_product_date	2022-11-07 19:29:16.063816+00
25	api	0007_rename_chain_product_chain_fk_alter_product_date	2022-11-08 14:30:29.919283+00
26	api	0008_alter_product_date_alter_product_name	2022-11-08 22:13:36.000482+00
\.


--
-- Data for Name: django_session; Type: TABLE DATA; Schema: public; Owner: postgres
--

COPY public.django_session (session_key, session_data, expire_date) FROM stdin;
w8furgy232jam5e6xew976qrp3dge4gl	.eJxVjEEOwiAQRe_C2hCGAFNcuvcMZGBAqgaS0q6Md9cmXej2v_f-SwTa1hq2kZcwszgLEKffLVJ65LYDvlO7dZl6W5c5yl2RBx3y2jk_L4f7d1Bp1G_tsibvIzhLyhAwx-RLyYBGTdY7VhMXwwhKa-2ZtAONhREtmOIdknh_AOLtN3w:1oseoL:lfu1JtrPrWWGZWLCixGj8GEtxm8BkXKGpawPzTqN8_4	2022-11-23 06:43:45.247247+00
\.


--
-- Data for Name: kombu_message; Type: TABLE DATA; Schema: public; Owner: postgres
--

COPY public.kombu_message (id, visible, "timestamp", payload, version, queue_id) FROM stdin;
\.


--
-- Data for Name: kombu_queue; Type: TABLE DATA; Schema: public; Owner: postgres
--

COPY public.kombu_queue (id, name) FROM stdin;
1	celery
\.


--
-- Name: api_chain_id_seq; Type: SEQUENCE SET; Schema: public; Owner: postgres
--

SELECT pg_catalog.setval('public.api_chain_id_seq', 7, true);


--
-- Name: api_chain_staff_id_seq; Type: SEQUENCE SET; Schema: public; Owner: postgres
--

SELECT pg_catalog.setval('public.api_chain_staff_id_seq', 10, true);


--
-- Name: api_contacts_id_seq; Type: SEQUENCE SET; Schema: public; Owner: postgres
--

SELECT pg_catalog.setval('public.api_contacts_id_seq', 19, true);


--
-- Name: api_product_id_seq; Type: SEQUENCE SET; Schema: public; Owner: postgres
--

SELECT pg_catalog.setval('public.api_product_id_seq', 18, true);


--
-- Name: auth_group_id_seq; Type: SEQUENCE SET; Schema: public; Owner: postgres
--

SELECT pg_catalog.setval('public.auth_group_id_seq', 1, false);


--
-- Name: auth_group_permissions_id_seq; Type: SEQUENCE SET; Schema: public; Owner: postgres
--

SELECT pg_catalog.setval('public.auth_group_permissions_id_seq', 1, false);


--
-- Name: auth_permission_id_seq; Type: SEQUENCE SET; Schema: public; Owner: postgres
--

SELECT pg_catalog.setval('public.auth_permission_id_seq', 36, true);


--
-- Name: auth_user_groups_id_seq; Type: SEQUENCE SET; Schema: public; Owner: postgres
--

SELECT pg_catalog.setval('public.auth_user_groups_id_seq', 1, false);


--
-- Name: auth_user_id_seq; Type: SEQUENCE SET; Schema: public; Owner: postgres
--

SELECT pg_catalog.setval('public.auth_user_id_seq', 5, true);


--
-- Name: auth_user_user_permissions_id_seq; Type: SEQUENCE SET; Schema: public; Owner: postgres
--

SELECT pg_catalog.setval('public.auth_user_user_permissions_id_seq', 1, false);


--
-- Name: django_admin_log_id_seq; Type: SEQUENCE SET; Schema: public; Owner: postgres
--

SELECT pg_catalog.setval('public.django_admin_log_id_seq', 15, true);


--
-- Name: django_content_type_id_seq; Type: SEQUENCE SET; Schema: public; Owner: postgres
--

SELECT pg_catalog.setval('public.django_content_type_id_seq', 9, true);


--
-- Name: django_migrations_id_seq; Type: SEQUENCE SET; Schema: public; Owner: postgres
--

SELECT pg_catalog.setval('public.django_migrations_id_seq', 26, true);


--
-- Name: message_id_sequence; Type: SEQUENCE SET; Schema: public; Owner: postgres
--

SELECT pg_catalog.setval('public.message_id_sequence', 1, false);


--
-- Name: queue_id_sequence; Type: SEQUENCE SET; Schema: public; Owner: postgres
--

SELECT pg_catalog.setval('public.queue_id_sequence', 1, true);


--
-- Name: api_chain api_chain_pkey; Type: CONSTRAINT; Schema: public; Owner: postgres
--

ALTER TABLE ONLY public.api_chain
    ADD CONSTRAINT api_chain_pkey PRIMARY KEY (id);


--
-- Name: api_chain_staff api_chain_staff_chain_id_user_id_60533be5_uniq; Type: CONSTRAINT; Schema: public; Owner: postgres
--

ALTER TABLE ONLY public.api_chain_staff
    ADD CONSTRAINT api_chain_staff_chain_id_user_id_60533be5_uniq UNIQUE (chain_id, user_id);


--
-- Name: api_chain_staff api_chain_staff_pkey; Type: CONSTRAINT; Schema: public; Owner: postgres
--

ALTER TABLE ONLY public.api_chain_staff
    ADD CONSTRAINT api_chain_staff_pkey PRIMARY KEY (id);


--
-- Name: api_contact api_contacts_pkey; Type: CONSTRAINT; Schema: public; Owner: postgres
--

ALTER TABLE ONLY public.api_contact
    ADD CONSTRAINT api_contacts_pkey PRIMARY KEY (id);


--
-- Name: api_product api_product_pkey; Type: CONSTRAINT; Schema: public; Owner: postgres
--

ALTER TABLE ONLY public.api_product
    ADD CONSTRAINT api_product_pkey PRIMARY KEY (id);


--
-- Name: auth_group auth_group_name_key; Type: CONSTRAINT; Schema: public; Owner: postgres
--

ALTER TABLE ONLY public.auth_group
    ADD CONSTRAINT auth_group_name_key UNIQUE (name);


--
-- Name: auth_group_permissions auth_group_permissions_group_id_permission_id_0cd325b0_uniq; Type: CONSTRAINT; Schema: public; Owner: postgres
--

ALTER TABLE ONLY public.auth_group_permissions
    ADD CONSTRAINT auth_group_permissions_group_id_permission_id_0cd325b0_uniq UNIQUE (group_id, permission_id);


--
-- Name: auth_group_permissions auth_group_permissions_pkey; Type: CONSTRAINT; Schema: public; Owner: postgres
--

ALTER TABLE ONLY public.auth_group_permissions
    ADD CONSTRAINT auth_group_permissions_pkey PRIMARY KEY (id);


--
-- Name: auth_group auth_group_pkey; Type: CONSTRAINT; Schema: public; Owner: postgres
--

ALTER TABLE ONLY public.auth_group
    ADD CONSTRAINT auth_group_pkey PRIMARY KEY (id);


--
-- Name: auth_permission auth_permission_content_type_id_codename_01ab375a_uniq; Type: CONSTRAINT; Schema: public; Owner: postgres
--

ALTER TABLE ONLY public.auth_permission
    ADD CONSTRAINT auth_permission_content_type_id_codename_01ab375a_uniq UNIQUE (content_type_id, codename);


--
-- Name: auth_permission auth_permission_pkey; Type: CONSTRAINT; Schema: public; Owner: postgres
--

ALTER TABLE ONLY public.auth_permission
    ADD CONSTRAINT auth_permission_pkey PRIMARY KEY (id);


--
-- Name: auth_user_groups auth_user_groups_pkey; Type: CONSTRAINT; Schema: public; Owner: postgres
--

ALTER TABLE ONLY public.auth_user_groups
    ADD CONSTRAINT auth_user_groups_pkey PRIMARY KEY (id);


--
-- Name: auth_user_groups auth_user_groups_user_id_group_id_94350c0c_uniq; Type: CONSTRAINT; Schema: public; Owner: postgres
--

ALTER TABLE ONLY public.auth_user_groups
    ADD CONSTRAINT auth_user_groups_user_id_group_id_94350c0c_uniq UNIQUE (user_id, group_id);


--
-- Name: auth_user auth_user_pkey; Type: CONSTRAINT; Schema: public; Owner: postgres
--

ALTER TABLE ONLY public.auth_user
    ADD CONSTRAINT auth_user_pkey PRIMARY KEY (id);


--
-- Name: auth_user_user_permissions auth_user_user_permissions_pkey; Type: CONSTRAINT; Schema: public; Owner: postgres
--

ALTER TABLE ONLY public.auth_user_user_permissions
    ADD CONSTRAINT auth_user_user_permissions_pkey PRIMARY KEY (id);


--
-- Name: auth_user_user_permissions auth_user_user_permissions_user_id_permission_id_14a6b632_uniq; Type: CONSTRAINT; Schema: public; Owner: postgres
--

ALTER TABLE ONLY public.auth_user_user_permissions
    ADD CONSTRAINT auth_user_user_permissions_user_id_permission_id_14a6b632_uniq UNIQUE (user_id, permission_id);


--
-- Name: auth_user auth_user_username_key; Type: CONSTRAINT; Schema: public; Owner: postgres
--

ALTER TABLE ONLY public.auth_user
    ADD CONSTRAINT auth_user_username_key UNIQUE (username);


--
-- Name: django_admin_log django_admin_log_pkey; Type: CONSTRAINT; Schema: public; Owner: postgres
--

ALTER TABLE ONLY public.django_admin_log
    ADD CONSTRAINT django_admin_log_pkey PRIMARY KEY (id);


--
-- Name: django_content_type django_content_type_app_label_model_76bd3d3b_uniq; Type: CONSTRAINT; Schema: public; Owner: postgres
--

ALTER TABLE ONLY public.django_content_type
    ADD CONSTRAINT django_content_type_app_label_model_76bd3d3b_uniq UNIQUE (app_label, model);


--
-- Name: django_content_type django_content_type_pkey; Type: CONSTRAINT; Schema: public; Owner: postgres
--

ALTER TABLE ONLY public.django_content_type
    ADD CONSTRAINT django_content_type_pkey PRIMARY KEY (id);


--
-- Name: django_migrations django_migrations_pkey; Type: CONSTRAINT; Schema: public; Owner: postgres
--

ALTER TABLE ONLY public.django_migrations
    ADD CONSTRAINT django_migrations_pkey PRIMARY KEY (id);


--
-- Name: django_session django_session_pkey; Type: CONSTRAINT; Schema: public; Owner: postgres
--

ALTER TABLE ONLY public.django_session
    ADD CONSTRAINT django_session_pkey PRIMARY KEY (session_key);


--
-- Name: kombu_message kombu_message_pkey; Type: CONSTRAINT; Schema: public; Owner: postgres
--

ALTER TABLE ONLY public.kombu_message
    ADD CONSTRAINT kombu_message_pkey PRIMARY KEY (id);


--
-- Name: kombu_queue kombu_queue_name_key; Type: CONSTRAINT; Schema: public; Owner: postgres
--

ALTER TABLE ONLY public.kombu_queue
    ADD CONSTRAINT kombu_queue_name_key UNIQUE (name);


--
-- Name: kombu_queue kombu_queue_pkey; Type: CONSTRAINT; Schema: public; Owner: postgres
--

ALTER TABLE ONLY public.kombu_queue
    ADD CONSTRAINT kombu_queue_pkey PRIMARY KEY (id);


--
-- Name: api_chain_staff_chain_id_0fa8d592; Type: INDEX; Schema: public; Owner: postgres
--

CREATE INDEX api_chain_staff_chain_id_0fa8d592 ON public.api_chain_staff USING btree (chain_id);


--
-- Name: api_chain_staff_user_id_e29ff7fa; Type: INDEX; Schema: public; Owner: postgres
--

CREATE INDEX api_chain_staff_user_id_e29ff7fa ON public.api_chain_staff USING btree (user_id);


--
-- Name: api_chain_supplier_id_18897a5d; Type: INDEX; Schema: public; Owner: postgres
--

CREATE INDEX api_chain_supplier_id_18897a5d ON public.api_chain USING btree (supplier_id);


--
-- Name: api_contacts_contact_id_143080d4; Type: INDEX; Schema: public; Owner: postgres
--

CREATE INDEX api_contacts_contact_id_143080d4 ON public.api_contact USING btree (chain_fk_id);


--
-- Name: api_product_chain_id_1ceffc77; Type: INDEX; Schema: public; Owner: postgres
--

CREATE INDEX api_product_chain_id_1ceffc77 ON public.api_product USING btree (chain_fk_id);


--
-- Name: auth_group_name_a6ea08ec_like; Type: INDEX; Schema: public; Owner: postgres
--

CREATE INDEX auth_group_name_a6ea08ec_like ON public.auth_group USING btree (name varchar_pattern_ops);


--
-- Name: auth_group_permissions_group_id_b120cbf9; Type: INDEX; Schema: public; Owner: postgres
--

CREATE INDEX auth_group_permissions_group_id_b120cbf9 ON public.auth_group_permissions USING btree (group_id);


--
-- Name: auth_group_permissions_permission_id_84c5c92e; Type: INDEX; Schema: public; Owner: postgres
--

CREATE INDEX auth_group_permissions_permission_id_84c5c92e ON public.auth_group_permissions USING btree (permission_id);


--
-- Name: auth_permission_content_type_id_2f476e4b; Type: INDEX; Schema: public; Owner: postgres
--

CREATE INDEX auth_permission_content_type_id_2f476e4b ON public.auth_permission USING btree (content_type_id);


--
-- Name: auth_user_groups_group_id_97559544; Type: INDEX; Schema: public; Owner: postgres
--

CREATE INDEX auth_user_groups_group_id_97559544 ON public.auth_user_groups USING btree (group_id);


--
-- Name: auth_user_groups_user_id_6a12ed8b; Type: INDEX; Schema: public; Owner: postgres
--

CREATE INDEX auth_user_groups_user_id_6a12ed8b ON public.auth_user_groups USING btree (user_id);


--
-- Name: auth_user_user_permissions_permission_id_1fbb5f2c; Type: INDEX; Schema: public; Owner: postgres
--

CREATE INDEX auth_user_user_permissions_permission_id_1fbb5f2c ON public.auth_user_user_permissions USING btree (permission_id);


--
-- Name: auth_user_user_permissions_user_id_a95ead1b; Type: INDEX; Schema: public; Owner: postgres
--

CREATE INDEX auth_user_user_permissions_user_id_a95ead1b ON public.auth_user_user_permissions USING btree (user_id);


--
-- Name: auth_user_username_6821ab7c_like; Type: INDEX; Schema: public; Owner: postgres
--

CREATE INDEX auth_user_username_6821ab7c_like ON public.auth_user USING btree (username varchar_pattern_ops);


--
-- Name: django_admin_log_content_type_id_c4bce8eb; Type: INDEX; Schema: public; Owner: postgres
--

CREATE INDEX django_admin_log_content_type_id_c4bce8eb ON public.django_admin_log USING btree (content_type_id);


--
-- Name: django_admin_log_user_id_c564eba6; Type: INDEX; Schema: public; Owner: postgres
--

CREATE INDEX django_admin_log_user_id_c564eba6 ON public.django_admin_log USING btree (user_id);


--
-- Name: django_session_expire_date_a5c62663; Type: INDEX; Schema: public; Owner: postgres
--

CREATE INDEX django_session_expire_date_a5c62663 ON public.django_session USING btree (expire_date);


--
-- Name: django_session_session_key_c0390e0f_like; Type: INDEX; Schema: public; Owner: postgres
--

CREATE INDEX django_session_session_key_c0390e0f_like ON public.django_session USING btree (session_key varchar_pattern_ops);


--
-- Name: ix_kombu_message_timestamp; Type: INDEX; Schema: public; Owner: postgres
--

CREATE INDEX ix_kombu_message_timestamp ON public.kombu_message USING btree ("timestamp");


--
-- Name: ix_kombu_message_timestamp_id; Type: INDEX; Schema: public; Owner: postgres
--

CREATE INDEX ix_kombu_message_timestamp_id ON public.kombu_message USING btree ("timestamp", id);


--
-- Name: ix_kombu_message_visible; Type: INDEX; Schema: public; Owner: postgres
--

CREATE INDEX ix_kombu_message_visible ON public.kombu_message USING btree (visible);


--
-- Name: kombu_message FK_kombu_message_queue; Type: FK CONSTRAINT; Schema: public; Owner: postgres
--

ALTER TABLE ONLY public.kombu_message
    ADD CONSTRAINT "FK_kombu_message_queue" FOREIGN KEY (queue_id) REFERENCES public.kombu_queue(id);


--
-- Name: api_chain_staff api_chain_staff_chain_id_0fa8d592_fk_api_chain_id; Type: FK CONSTRAINT; Schema: public; Owner: postgres
--

ALTER TABLE ONLY public.api_chain_staff
    ADD CONSTRAINT api_chain_staff_chain_id_0fa8d592_fk_api_chain_id FOREIGN KEY (chain_id) REFERENCES public.api_chain(id) DEFERRABLE INITIALLY DEFERRED;


--
-- Name: api_chain_staff api_chain_staff_user_id_e29ff7fa_fk_auth_user_id; Type: FK CONSTRAINT; Schema: public; Owner: postgres
--

ALTER TABLE ONLY public.api_chain_staff
    ADD CONSTRAINT api_chain_staff_user_id_e29ff7fa_fk_auth_user_id FOREIGN KEY (user_id) REFERENCES public.auth_user(id) DEFERRABLE INITIALLY DEFERRED;


--
-- Name: api_chain api_chain_supplier_id_18897a5d_fk_api_chain_id; Type: FK CONSTRAINT; Schema: public; Owner: postgres
--

ALTER TABLE ONLY public.api_chain
    ADD CONSTRAINT api_chain_supplier_id_18897a5d_fk_api_chain_id FOREIGN KEY (supplier_id) REFERENCES public.api_chain(id) DEFERRABLE INITIALLY DEFERRED;


--
-- Name: api_contact api_contact_chain_fk_id_13ab1e3b_fk_api_chain_id; Type: FK CONSTRAINT; Schema: public; Owner: postgres
--

ALTER TABLE ONLY public.api_contact
    ADD CONSTRAINT api_contact_chain_fk_id_13ab1e3b_fk_api_chain_id FOREIGN KEY (chain_fk_id) REFERENCES public.api_chain(id) DEFERRABLE INITIALLY DEFERRED;


--
-- Name: api_product api_product_chain_fk_id_fcbf62f7_fk_api_chain_id; Type: FK CONSTRAINT; Schema: public; Owner: postgres
--

ALTER TABLE ONLY public.api_product
    ADD CONSTRAINT api_product_chain_fk_id_fcbf62f7_fk_api_chain_id FOREIGN KEY (chain_fk_id) REFERENCES public.api_chain(id) DEFERRABLE INITIALLY DEFERRED;


--
-- Name: auth_group_permissions auth_group_permissio_permission_id_84c5c92e_fk_auth_perm; Type: FK CONSTRAINT; Schema: public; Owner: postgres
--

ALTER TABLE ONLY public.auth_group_permissions
    ADD CONSTRAINT auth_group_permissio_permission_id_84c5c92e_fk_auth_perm FOREIGN KEY (permission_id) REFERENCES public.auth_permission(id) DEFERRABLE INITIALLY DEFERRED;


--
-- Name: auth_group_permissions auth_group_permissions_group_id_b120cbf9_fk_auth_group_id; Type: FK CONSTRAINT; Schema: public; Owner: postgres
--

ALTER TABLE ONLY public.auth_group_permissions
    ADD CONSTRAINT auth_group_permissions_group_id_b120cbf9_fk_auth_group_id FOREIGN KEY (group_id) REFERENCES public.auth_group(id) DEFERRABLE INITIALLY DEFERRED;


--
-- Name: auth_permission auth_permission_content_type_id_2f476e4b_fk_django_co; Type: FK CONSTRAINT; Schema: public; Owner: postgres
--

ALTER TABLE ONLY public.auth_permission
    ADD CONSTRAINT auth_permission_content_type_id_2f476e4b_fk_django_co FOREIGN KEY (content_type_id) REFERENCES public.django_content_type(id) DEFERRABLE INITIALLY DEFERRED;


--
-- Name: auth_user_groups auth_user_groups_group_id_97559544_fk_auth_group_id; Type: FK CONSTRAINT; Schema: public; Owner: postgres
--

ALTER TABLE ONLY public.auth_user_groups
    ADD CONSTRAINT auth_user_groups_group_id_97559544_fk_auth_group_id FOREIGN KEY (group_id) REFERENCES public.auth_group(id) DEFERRABLE INITIALLY DEFERRED;


--
-- Name: auth_user_groups auth_user_groups_user_id_6a12ed8b_fk_auth_user_id; Type: FK CONSTRAINT; Schema: public; Owner: postgres
--

ALTER TABLE ONLY public.auth_user_groups
    ADD CONSTRAINT auth_user_groups_user_id_6a12ed8b_fk_auth_user_id FOREIGN KEY (user_id) REFERENCES public.auth_user(id) DEFERRABLE INITIALLY DEFERRED;


--
-- Name: auth_user_user_permissions auth_user_user_permi_permission_id_1fbb5f2c_fk_auth_perm; Type: FK CONSTRAINT; Schema: public; Owner: postgres
--

ALTER TABLE ONLY public.auth_user_user_permissions
    ADD CONSTRAINT auth_user_user_permi_permission_id_1fbb5f2c_fk_auth_perm FOREIGN KEY (permission_id) REFERENCES public.auth_permission(id) DEFERRABLE INITIALLY DEFERRED;


--
-- Name: auth_user_user_permissions auth_user_user_permissions_user_id_a95ead1b_fk_auth_user_id; Type: FK CONSTRAINT; Schema: public; Owner: postgres
--

ALTER TABLE ONLY public.auth_user_user_permissions
    ADD CONSTRAINT auth_user_user_permissions_user_id_a95ead1b_fk_auth_user_id FOREIGN KEY (user_id) REFERENCES public.auth_user(id) DEFERRABLE INITIALLY DEFERRED;


--
-- Name: django_admin_log django_admin_log_content_type_id_c4bce8eb_fk_django_co; Type: FK CONSTRAINT; Schema: public; Owner: postgres
--

ALTER TABLE ONLY public.django_admin_log
    ADD CONSTRAINT django_admin_log_content_type_id_c4bce8eb_fk_django_co FOREIGN KEY (content_type_id) REFERENCES public.django_content_type(id) DEFERRABLE INITIALLY DEFERRED;


--
-- Name: django_admin_log django_admin_log_user_id_c564eba6_fk_auth_user_id; Type: FK CONSTRAINT; Schema: public; Owner: postgres
--

ALTER TABLE ONLY public.django_admin_log
    ADD CONSTRAINT django_admin_log_user_id_c564eba6_fk_auth_user_id FOREIGN KEY (user_id) REFERENCES public.auth_user(id) DEFERRABLE INITIALLY DEFERRED;


--
-- PostgreSQL database dump complete
--

